<?xml version="1.0" encoding="UTF-8"?>
<project-private xmlns="http://www.netbeans.org/ns/project-private/1">
    <editor-bookmarks xmlns="http://www.netbeans.org/ns/editor-bookmarks/2" lastBookmarkId="2">
        <file>
            <url>src/minesweeper/MyJFrame.java</url>
            <bookmark id="2">
                <name/>
                <line>268</line>
                <key/>
            </bookmark>
            <bookmark id="1">
                <name/>
                <line>447</line>
                <key/>
            </bookmark>
        </file>
    </editor-bookmarks>
    <open-files xmlns="http://www.netbeans.org/ns/projectui-open-files/2">
        <group>
            <file>file:/F:/Ruijing_Li_Period3_Minesweeper/src/minesweeper/Ruijing_Li_Period3_MyJFrame.java</file>
            <file>file:/F:/Ruijing_Li_Period3_Minesweeper/src/minesweeper/Ruijing_Li_Period3_Minesweeper.java</file>
        </group>
    </open-files>
</project-private>
